<?xml version="1.0" encoding="UTF-8" standalone="yes"?>
<transaction xmlns="http://www.w3schools.com" transactionName="MPBDT001" application="MPBD" version="01" country="MX" language="ES">
	<paramsIn>
		<parameter order="1" name="entrada" mandatory="0" type="String" size="25"/>
		<dto order="2" name="employeesIn" mandatory="0" package="com.bbva.mpbd.dto.employees.EmployeesDTO" artifactId="MPBDC001">
			<parameter order="1" name="employeeId" mandatory="1" type="Long" size="25"/>
			<parameter order="2" name="employeeName" mandatory="1" type="String" size="50"/>
			<parameter order="3" name="employeeMov" mandatory="0" type="String" size="50"/>
		</dto>
	</paramsIn>
	<paramsOut>
		<dto order="1" name="employeesOut" mandatory="0" package="com.bbva.mpbd.dto.employees.EmployeesDTO" artifactId="MPBDC001">
			<parameter order="1" name="employeeId" mandatory="0" type="Long" size="10"/>
			<parameter order="2" name="employeeName" mandatory="0" type="String" size="50"/>
			<parameter order="3" name="employeeMov" mandatory="0" type="String" size="50"/>
		</dto>
	<list order="2" name="lista" mandatory="0">
			<dto order="1" name="Type" mandatory="0" package="com.bbva.mpbd.dto.employees.EmployeesDTO" artifactId="MPBDC001">
				<parameter order="1" name="employeeId" mandatory="0" type="Long" size="10"/>
				<parameter order="2" name="employeeName" mandatory="0" type="String" size="50"/>
				<parameter order="3" name="employeeMov" mandatory="0" type="String" size="50"/>
			</dto>
		</list>
		</paramsOut>
	<description>Transaccion Employees</description>
</transaction>
