<?xml version="1.0" encoding="UTF-8"?>
<beans xmlns="http://www.springframework.org/schema/beans"
	xmlns:tx="http://www.springframework.org/schema/tx"
	xmlns:xsi="http://www.w3.org/2001/XMLSchema-instance"
	xmlns:context="http://www.springframework.org/schema/context"
	xsi:schemaLocation="http://www.springframework.org/schema/beans 
						http://www.springframework.org/schema/beans/spring-beans.xsd
						http://www.springframework.org/schema/context
						http://www.springframework.org/schema/context/spring-context.xsd
						http://www.springframework.org/schema/tx 
						http://www.springframework.org/schema/tx/spring-tx.xsd">

	<!-- MNEOJ001-01-MX-beans.xml -->

	<!-- Set to the required transaction manager -->
	<bean id="transactionManager"
		class="org.springframework.batch.support.transaction.ResourcelessTransactionManager" />

	<bean class="org.springframework.batch.core.scope.StepScope" />

	<bean id="jobLauncher"
		class="com.bbva.elara.batch.launcher.SimpleJobLauncherBean">
		<property name="job" ref="MNEOJ001-01-MX" />
		<property name="batchLauncher" ref="batchLauncher" />
		<property name="defaultIncrementer" ref="defaultIncrementer" />
	</bean>

	<tx:annotation-driven
		transaction-manager="transactionManager" />

	<bean id="vArchivoVacio" class="com.bbva.mneo.batch.CustomersReadFile" scope="step">
	<property name="fileName" value="#{jobParameters['fileCheck']}"></property>
	<property name="mneoR001" ref="mneoR001"></property>
	</bean>
	
	<bean id="readFile"
		class="org.springframework.batch.item.file.FlatFileItemReader"
		scope="step">
		<property name="resource"
			value="#{jobParameters['inputFile']}"></property>
		<property name="lineMapper">
			<bean
				class="org.springframework.batch.item.file.mapping.DefaultLineMapper">
				<property name="lineTokenizer">
					<bean
						class="org.springframework.batch.item.file.transform.DelimitedLineTokenizer">
						<property name="delimiter" value="|"></property>
						<property name="names"
							value="id, nombre, direccion, ciudad, estado, cp"></property>
					</bean>
				</property>

				<property name="fieldSetMapper">
					<bean class="com.bbva.mneo.batch.CustomerFieldSetMapper"></bean>
				</property>
			</bean>
		</property>
	</bean>
	<bean id="agregarCP" class="com.bbva.mneo.batch.ProccesorCustomer" scope="step"></bean>
	<bean id="writerDB" class="com.bbva.mneo.batch.WriterCustomer" scope="step">
		<property name="mneoR001" ref="mneoR001"></property>
	</bean>

</beans>
