<?xml version="1.0" encoding="UTF-8"?>
<beans xmlns="http://www.springframework.org/schema/beans"
	xmlns:xsi="http://www.w3.org/2001/XMLSchema-instance"
	xsi:schemaLocation="http://www.springframework.org/schema/beans 
						http://www.springframework.org/schema/beans/spring-beans.xsd">
	
	<!-- DO NOT EDIT THIS BEAN -->
	<bean class="com.bbva.elara.batch.launcher.SimpleJobLauncherBean">
		<property name="job" ref="MNEOJ002-01-MX" />
		<property name="batchLauncher" ref="batchLauncher" />
		<property name="defaultIncrementer" ref="defaultIncrementer" />		
	</bean>
	
	<!-- BEAN OF THE CONFIGURATION SERVICE -->
	<bean id="applicationConfigurationService" factory-bean="applicationConfigurationServiceFactory"
		factory-method="getApplicationConfigurationService">
		<constructor-arg type="org.osgi.framework.BundleContext"
			ref="bundleContext" />
	</bean>		
	
	
</beans>
